url,http://datalab.naver.com/keyword/trendResult.naver?hashKey=N_5a84cb395e770a1d49ce9dcbb6ad2420
주제,통검
범위,합계
기간,일간 : 2016-05-18 ~ 2024-05-18
성별,"전체(여성,남성)"
연령대,전체
날짜,부동산
2016-05-18,21.05604
2016-05-19,20.38244
2016-05-20,19.08452
2016-05-21,17.87739
2016-05-22,18.5013
2016-05-23,21.9902
2016-05-24,21.62283
2016-05-25,21.01957
2016-05-26,21.7515
2016-05-27,20.2207
2016-05-28,18.21751
2016-05-29,19.23884
2016-05-30,23.63083
2016-05-31,22.22509
2016-06-01,21.33743
2016-06-02,21.44345
2016-06-03,18.74441
2016-06-04,17.85334
2016-06-05,18.00065
2016-06-06,22.78606
2016-06-07,24.63754
2016-06-08,23.17167
2016-06-09,28.52447
2016-06-10,25.05862
2016-06-11,23.50777
2016-06-12,25.03677
2016-06-13,29.29147
2016-06-14,27.42878
2016-06-15,24.69185
2016-06-16,24.63072
2016-06-17,22.8506
2016-06-18,22.06115
2016-06-19,23.31697
2016-06-20,28.00959
2016-06-21,26.04789
2016-06-22,25.27106
2016-06-23,24.54615
2016-06-24,22.63835
2016-06-25,21.73206
2016-06-26,22.56179
2016-06-27,26.41165
2016-06-28,25.69755
2016-06-29,23.87474
2016-06-30,23.52301
2016-07-01,22.32991
2016-07-02,22.38943
2016-07-03,23.84929
2016-07-04,26.8668
2016-07-05,23.57371
2016-07-06,22.17058
2016-07-07,21.91183
2016-07-08,19.89041
2016-07-09,18.76806
2016-07-10,19.23283
2016-07-11,23.11776
2016-07-12,24.37318
2016-07-13,23.03779
2016-07-14,21.83788
2016-07-15,20.13772
2016-07-16,19.13763
2016-07-17,20.14073
2016-07-18,24.35414
2016-07-19,22.59767
2016-07-20,21.3683
2016-07-21,21.52182
2016-07-22,18.82979
2016-07-23,18.62676
2016-07-24,18.42674
2016-07-25,23.24923
2016-07-26,22.29724
2016-07-27,22.3748
2016-07-28,20.89771
2016-07-29,19.1226
2016-07-30,17.80364
2016-07-31,19.03421
2016-08-01,22.16196
2016-08-02,23.11896
2016-08-03,22.10103
2016-08-04,21.82626
2016-08-05,20.47463
2016-08-06,19.60781
2016-08-07,19.32883
2016-08-08,23.86793
2016-08-09,23.84287
2016-08-10,22.90211
2016-08-11,22.04151
2016-08-12,20.34636
2016-08-13,18.69651
2016-08-14,18.38125
2016-08-15,22.87084
2016-08-16,25.03577
2016-08-17,24.79186
2016-08-18,24.0
2016-08-19,22.11346
2016-08-20,21.02017
2016-08-21,21.04783
2016-08-22,26.40103
2016-08-23,26.72951
2016-08-24,25.75868
2016-08-25,26.45233
2016-08-26,23.9521
2016-08-27,21.98799
2016-08-28,23.14
2016-08-29,29.97711
2016-08-30,28.50262
2016-08-31,25.41136
2016-09-01,24.87844
2016-09-02,23.4258
2016-09-03,22.36719
2016-09-04,23.03037
2016-09-05,29.25159
2016-09-06,26.64333
2016-09-07,25.13277
2016-09-08,25.06042
2016-09-09,23.7601
2016-09-10,22.3251
2016-09-11,22.40567
2016-09-12,23.88095
2016-09-13,19.38575
2016-09-14,15.71607
2016-09-15,17.03764
2016-09-16,19.52604
2016-09-17,23.6663
2016-09-18,24.82032
2016-09-19,30.56353
2016-09-20,28.33166
2016-09-21,26.77681
2016-09-22,26.79505
2016-09-23,25.0967
2016-09-24,24.28901
2016-09-25,24.81531
2016-09-26,28.90486
2016-09-27,27.26904
2016-09-28,26.37317
2016-09-29,26.74054
2016-09-30,25.66048
2016-10-01,23.04982
2016-10-02,23.24342
2016-10-03,29.97871
2016-10-04,31.18624
2016-10-05,29.64421
2016-10-06,28.64031
2016-10-07,26.89025
2016-10-08,26.06111
2016-10-09,24.79627
2016-10-10,29.43898
2016-10-11,28.60023
2016-10-12,27.4901
2016-10-13,26.77581
2016-10-14,25.048
2016-10-15,25.71679
2016-10-16,27.71838
2016-10-17,33.55619
2016-10-18,31.90714
2016-10-19,28.78942
2016-10-20,27.7749
2016-10-21,25.34081
2016-10-22,24.30344
2016-10-23,26.56537
2016-10-24,29.17543
2016-10-25,25.28309
2016-10-26,23.84267
2016-10-27,23.1378
2016-10-28,22.07117
2016-10-29,19.81926
2016-10-30,19.71364
2016-10-31,23.31477
2016-11-01,23.21556
2016-11-02,23.15664
2016-11-03,27.71157
2016-11-04,22.89649
2016-11-05,21.26949
2016-11-06,21.42622
2016-11-07,26.69384
2016-11-08,24.16254
2016-11-09,23.91342
2016-11-10,23.60999
2016-11-11,21.54467
2016-11-12,19.29015
2016-11-13,21.82245
2016-11-14,26.89346
2016-11-15,25.1931
2016-11-16,23.87955
2016-11-17,24.02786
2016-11-18,22.10424
2016-11-19,20.35458
2016-11-20,20.41029
2016-11-21,26.09218
2016-11-22,25.11273
2016-11-23,22.80811
2016-11-24,23.50837
2016-11-25,21.34525
2016-11-26,18.9298
2016-11-27,21.08771
2016-11-28,25.78333
2016-11-29,23.92104
2016-11-30,24.17617
2016-12-01,22.70409
2016-12-02,22.00944
2016-12-03,19.88199
2016-12-04,23.68635
2016-12-05,25.71379
2016-12-06,22.86643
2016-12-07,21.43444
2016-12-08,23.3308
2016-12-09,19.91887
2016-12-10,19.19114
2016-12-11,21.41279
2016-12-12,25.43701
2016-12-13,25.02074
2016-12-14,21.48915
2016-12-15,23.53483
2016-12-16,21.16467
2016-12-17,20.16318
2016-12-18,21.01155
2016-12-19,25.80799
2016-12-20,25.31455
2016-12-21,22.10965
2016-12-22,21.49296
2016-12-23,19.04163
2016-12-24,17.46473
2016-12-25,18.44338
2016-12-26,22.78827
2016-12-27,24.7135
2016-12-28,22.77243
2016-12-29,22.4712
2016-12-30,19.73829
2016-12-31,17.21521
2017-01-01,19.26249
2017-01-02,25.11694
2017-01-03,25.75147
2017-01-04,25.22817
2017-01-05,24.13789
2017-01-06,22.87084
2017-01-07,23.0903
2017-01-08,24.02546
2017-01-09,26.80888
2017-01-10,26.4846
2017-01-11,25.14019
2017-01-12,24.82613
2017-01-13,22.33813
2017-01-14,21.2755
2017-01-15,22.88327
2017-01-16,26.17395
2017-01-17,26.12144
2017-01-18,24.47099
2017-01-19,23.50637
2017-01-20,21.1288
2017-01-21,19.75973
2017-01-22,21.15886
2017-01-23,24.33029
2017-01-24,24.23329
2017-01-25,23.1384
2017-01-26,20.09123
2017-01-27,16.02191
2017-01-28,16.42075
2017-01-29,20.95343
2017-01-30,25.27707
2017-01-31,33.80892
2017-02-01,32.92287
2017-02-02,29.62697
2017-02-03,25.70758
2017-02-04,27.11412
2017-02-05,30.18955
2017-02-06,29.354
2017-02-07,28.18716
2017-02-08,27.05499
2017-02-09,24.82192
2017-02-10,22.41469
2017-02-11,24.70728
2017-02-12,24.37439
2017-02-13,26.8209
2017-02-14,26.49863
2017-02-15,23.87875
2017-02-16,24.85559
2017-02-17,22.40426
2017-02-18,22.09402
2017-02-19,22.90551
2017-02-20,26.11262
2017-02-21,25.40755
2017-02-22,24.06233
2017-02-23,23.72964
2017-02-24,21.81603
2017-02-25,22.02347
2017-02-26,24.38581
2017-02-27,25.52359
2017-02-28,23.92485
2017-03-01,25.22757
2017-03-02,23.94108
2017-03-03,23.36247
2017-03-04,28.8265
2017-03-05,24.42128
2017-03-06,26.27216
2017-03-07,24.69125
2017-03-08,24.63774
2017-03-09,24.27638
2017-03-10,19.70762
2017-03-11,21.60279
2017-03-12,22.71051
2017-03-13,25.30513
2017-03-14,25.58632
2017-03-15,23.44945
2017-03-16,24.80288
2017-03-17,23.63283
2017-03-18,21.75651
2017-03-19,23.1853
2017-03-20,25.4314
2017-03-21,24.6217
2017-03-22,22.64557
2017-03-23,23.16866
2017-03-24,20.87887
2017-03-25,20.59388
2017-03-26,22.12167
2017-03-27,24.10683
2017-03-28,24.34833
2017-03-29,24.65678
2017-03-30,21.79679
2017-03-31,19.38415
2017-04-01,19.61343
2017-04-02,20.68527
2017-04-03,23.40736
2017-04-04,23.63043
2017-04-05,23.11776
2017-04-06,22.66361
2017-04-07,20.80452
2017-04-08,20.39206
2017-04-09,20.82536
2017-04-10,22.849
2017-04-11,23.30495
2017-04-12,22.16296
2017-04-13,21.87155
2017-04-14,20.20226
2017-04-15,19.81846
2017-04-16,21.61682
2017-04-17,24.87263
2017-04-18,23.92565
2017-04-19,23.45326
2017-04-20,22.54696
2017-04-21,21.17289
2017-04-22,20.16137
2017-04-23,20.87086
2017-04-24,23.70198
2017-04-25,22.8534
2017-04-26,22.15454
2017-04-27,22.37881
2017-04-28,19.37573
2017-04-29,18.66464
2017-04-30,20.21549
2017-05-01,23.50296
2017-05-02,22.83356
2017-05-03,21.01977
2017-05-04,21.11677
2017-05-05,19.22922
2017-05-06,20.96926
2017-05-07,21.42201
2017-05-08,24.72973
2017-05-09,25.93305
2017-05-10,24.06013
2017-05-11,24.25594
2017-05-12,22.72634
2017-05-13,22.182
2017-05-14,22.29945
2017-05-15,26.51587
2017-05-16,26.55254
2017-05-17,25.55205
2017-05-18,24.80729
2017-05-19,24.19621
2017-05-20,23.11836
2017-05-21,24.32508
2017-05-22,29.87169
2017-05-23,27.7262
2017-05-24,27.21693
2017-05-25,28.33166
2017-05-26,27.39871
2017-05-27,27.74384
2017-05-28,28.51826
2017-05-29,33.25296
2017-05-30,32.80783
2017-05-31,29.35621
2017-06-01,28.98664
2017-06-02,27.28928
2017-06-03,27.30291
2017-06-04,28.75054
2017-06-05,36.04079
2017-06-06,38.92903
2017-06-07,40.50754
2017-06-08,34.81262
2017-06-09,31.19345
2017-06-10,30.13484
2017-06-11,29.96448
2017-06-12,35.91132
2017-06-13,33.97768
2017-06-14,32.8918
2017-06-15,31.18684
2017-06-16,28.47476
2017-06-17,26.04989
2017-06-18,26.79986
2017-06-19,53.23777
2017-06-20,35.29403
2017-06-21,29.53238
2017-06-22,29.40711
2017-06-23,26.81249
2017-06-24,25.48772
2017-06-25,25.78794
2017-06-26,31.56804
2017-06-27,30.50201
2017-06-28,29.4977
2017-06-29,28.04787
2017-06-30,26.06953
2017-07-01,24.93857
2017-07-02,26.8672
2017-07-03,30.97379
2017-07-04,30.15789
2017-07-05,27.97933
2017-07-06,27.2979
2017-07-07,25.93946
2017-07-08,25.96952
2017-07-09,26.70145
2017-07-10,31.39487
2017-07-11,29.46804
2017-07-12,29.56865
2017-07-13,30.53046
2017-07-14,27.06742
2017-07-15,26.35333
2017-07-16,26.32146
2017-07-17,32.4575
2017-07-18,32.82988
2017-07-19,32.37091
2017-07-20,31.01368
2017-07-21,28.40101
2017-07-22,26.66638
2017-07-23,27.50574
2017-07-24,32.95213
2017-07-25,31.84582
2017-07-26,31.53136
2017-07-27,30.92509
2017-07-28,32.3146
2017-07-29,27.9683
2017-07-30,28.8267
2017-07-31,37.11925
2017-08-01,36.67111
2017-08-02,45.50118
2017-08-03,47.34845
2017-08-04,38.30613
2017-08-05,32.0773
2017-08-06,32.53526
2017-08-07,41.38918
2017-08-08,37.75277
2017-08-09,36.59515
2017-08-10,36.53202
2017-08-11,33.45338
2017-08-12,28.96299
2017-08-13,29.33055
2017-08-14,34.58074
2017-08-15,33.24474
2017-08-16,34.94771
2017-08-17,35.95521
2017-08-18,32.34125
2017-08-19,28.76257
2017-08-20,28.43829
2017-08-21,36.65428
2017-08-22,34.72284
2017-08-23,33.60309
2017-08-24,32.59579
2017-08-25,30.70603
2017-08-26,27.56406
2017-08-27,27.51516
2017-08-28,33.29385
2017-08-29,32.71243
2017-08-30,30.06088
2017-08-31,29.34739
2017-09-01,28.12283
2017-09-02,27.62238
2017-09-03,27.62559
2017-09-04,31.33254
2017-09-05,34.84289
2017-09-06,30.05707
2017-09-07,30.3076
2017-09-08,28.41043
2017-09-09,26.31004
2017-09-10,27.83803
2017-09-11,31.85504
2017-09-12,31.37463
2017-09-13,29.28566
2017-09-14,29.89854
2017-09-15,26.88464
2017-09-16,26.71288
2017-09-17,28.08014
2017-09-18,32.17871
2017-09-19,31.21209
2017-09-20,28.48599
2017-09-21,30.11119
2017-09-22,26.94456
2017-09-23,26.17896
2017-09-24,26.60245
2017-09-25,28.6355
2017-09-26,28.17093
2017-09-27,27.69834
2017-09-28,26.30943
2017-09-29,21.4158
2017-09-30,20.66002
2017-10-01,19.68738
2017-10-02,21.18351
2017-10-03,18.05557
2017-10-04,18.9771
2017-10-05,22.66521
2017-10-06,25.72682
2017-10-07,26.61527
2017-10-08,28.18095
2017-10-09,34.69377
2017-10-10,35.59265
2017-10-11,33.84841
2017-10-12,31.86786
2017-10-13,28.80566
2017-10-14,27.76087
2017-10-15,27.46766
2017-10-16,33.61832
2017-10-17,33.97026
2017-10-18,31.73458
2017-10-19,31.12551
2017-10-20,28.8752
2017-10-21,28.12523
2017-10-22,28.36834
2017-10-23,35.7105
2017-10-24,37.24431
2017-10-25,33.37762
2017-10-26,31.70452
2017-10-27,29.29027
2017-10-28,26.99767
2017-10-29,27.67549
2017-10-30,32.58316
2017-10-31,29.64281
2017-11-01,30.27353
2017-11-02,30.04906
2017-11-03,27.85667
2017-11-04,26.02925
2017-11-05,26.17435
2017-11-06,31.62616
2017-11-07,31.60451
2017-11-08,30.43446
2017-11-09,30.2593
2017-11-10,27.94005
2017-11-11,27.41294
2017-11-12,27.24639
2017-11-13,32.41661
2017-11-14,30.4032
2017-11-15,28.02623
2017-11-16,29.18906
2017-11-17,26.97382
2017-11-18,24.89969
2017-11-19,27.77089
2017-11-20,30.63208
2017-11-21,31.75202
2017-11-22,27.98915
2017-11-23,27.20651
2017-11-24,25.9595
2017-11-25,25.91902
2017-11-26,29.51735
2017-11-27,33.22149
2017-11-28,32.027
2017-11-29,29.82739
2017-11-30,30.32263
2017-12-01,26.98926
2017-12-02,26.54894
2017-12-03,28.88121
2017-12-04,34.68415
2017-12-05,30.78941
2017-12-06,28.70304
2017-12-07,28.39881
2017-12-08,27.09347
2017-12-09,26.35954
2017-12-10,26.75497
2017-12-11,31.59529
2017-12-12,31.30669
2017-12-13,30.22883
2017-12-14,28.586
2017-12-15,26.25692
2017-12-16,26.83894
2017-12-17,26.85738
2017-12-18,28.77539
2017-12-19,29.545
2017-12-20,28.84815
2017-12-21,26.90388
2017-12-22,23.9517
2017-12-23,24.36757
2017-12-24,23.02997
2017-12-25,26.83754
2017-12-26,30.7864
2017-12-27,30.05066
2017-12-28,29.17743
2017-12-29,27.78191
2017-12-30,26.68823
2017-12-31,24.7141
2018-01-01,27.91299
2018-01-02,34.8952
2018-01-03,33.86364
2018-01-04,34.88958
2018-01-05,35.68785
2018-01-06,35.44775
2018-01-07,34.78917
2018-01-08,39.74033
2018-01-09,36.57671
2018-01-10,34.99841
2018-01-11,36.49534
2018-01-12,35.07257
2018-01-13,33.24214
2018-01-14,36.77954
2018-01-15,40.50253
2018-01-16,42.07281
2018-01-17,39.61507
2018-01-18,37.56278
2018-01-19,35.7103
2018-01-20,35.19342
2018-01-21,35.20444
2018-01-22,39.00439
2018-01-23,38.90158
2018-01-24,36.67231
2018-01-25,34.67634
2018-01-26,32.28494
2018-01-27,33.09804
2018-01-28,35.19522
2018-01-29,40.41935
2018-01-30,40.44921
2018-01-31,39.4361
2018-02-01,38.67911
2018-02-02,38.82001
2018-02-03,36.70418
2018-02-04,37.04068
2018-02-05,40.18927
2018-02-06,39.22185
2018-02-07,36.62542
2018-02-08,34.92526
2018-02-09,31.38626
2018-02-10,31.32352
2018-02-11,31.10106
2018-02-12,35.23591
2018-02-13,32.94171
2018-02-14,28.57517
2018-02-15,23.79257
2018-02-16,25.55285
2018-02-17,29.41213
2018-02-18,32.90804
2018-02-19,41.52386
2018-02-20,39.56456
2018-02-21,36.95791
2018-02-22,37.34632
2018-02-23,31.934
2018-02-24,32.44647
2018-02-25,32.73147
2018-02-26,38.05481
2018-02-27,38.55365
2018-02-28,35.5185
2018-03-01,36.54505
2018-03-02,36.60758
2018-03-03,35.65639
2018-03-04,35.87004
2018-03-05,39.01201
2018-03-06,36.63804
2018-03-07,34.82184
2018-03-08,36.45346
2018-03-09,35.02727
2018-03-10,34.97115
2018-03-11,34.64467
2018-03-12,39.06752
2018-03-13,39.89926
2018-03-14,36.45666
2018-03-15,37.29602
2018-03-16,34.55448
2018-03-17,34.28372
2018-03-18,34.78617
2018-03-19,39.28738
2018-03-20,38.54363
2018-03-21,37.23549
2018-03-22,37.4311
2018-03-23,33.30707
2018-03-24,31.43235
2018-03-25,33.52954
2018-03-26,38.73603
2018-03-27,37.1417
2018-03-28,35.35416
2018-03-29,38.75928
2018-03-30,33.18522
2018-03-31,32.90503
2018-04-01,32.86816
2018-04-02,36.4248
2018-04-03,36.52961
2018-04-04,35.1365
2018-04-05,34.29775
2018-04-06,30.51844
2018-04-07,29.92279
2018-04-08,31.31992
2018-04-09,36.02376
2018-04-10,35.94279
2018-04-11,33.39345
2018-04-12,33.00564
2018-04-13,29.65604
2018-04-14,29.84904
2018-04-15,28.93653
2018-04-16,34.7559
2018-04-17,32.90022
2018-04-18,32.51822
2018-04-19,33.85121
2018-04-20,29.50171
2018-04-21,27.78372
2018-04-22,28.40542
2018-04-23,32.81705
2018-04-24,32.65872
2018-04-25,29.52997
2018-04-26,29.35982
2018-04-27,25.30393
2018-04-28,26.92131
2018-04-29,26.28178
2018-04-30,33.53655
2018-05-01,32.14043
2018-05-02,32.19034
2018-05-03,31.52354
2018-05-04,26.66518
2018-05-05,24.50225
2018-05-06,25.22657
2018-05-07,32.85914
2018-05-08,33.92817
2018-05-09,31.67326
2018-05-10,30.70904
2018-05-11,29.37405
2018-05-12,30.14446
2018-05-13,29.19287
2018-05-14,34.08069
2018-05-15,33.4133
2018-05-16,30.85635
2018-05-17,28.98182
2018-05-18,28.40462
2018-05-19,26.77922
2018-05-20,26.15431
2018-05-21,31.50611
2018-05-22,32.54668
2018-05-23,32.60541
2018-05-24,31.98972
2018-05-25,29.06139
2018-05-26,28.59482
2018-05-27,31.30128
2018-05-28,34.05925
2018-05-29,33.33293
2018-05-30,32.05706
2018-05-31,32.96075
2018-06-01,28.76116
2018-06-02,28.8269
2018-06-03,28.0599
2018-06-04,31.88931
2018-06-05,30.47415
2018-06-06,30.39137
2018-06-07,32.9367
2018-06-08,28.98162
2018-06-09,26.70867
2018-06-10,27.05038
2018-06-11,31.49709
2018-06-12,29.35581
2018-06-13,29.03073
2018-06-14,31.02089
2018-06-15,31.39788
2018-06-16,27.97612
2018-06-17,28.93132
2018-06-18,31.73418
2018-06-19,33.43474
2018-06-20,31.33715
2018-06-21,30.99143
2018-06-22,30.57776
2018-06-23,27.03275
2018-06-24,27.19729
2018-06-25,31.82056
2018-06-26,31.49308
2018-06-27,28.79163
2018-06-28,26.12124
2018-06-29,26.26414
2018-06-30,25.82242
2018-07-01,26.03526
2018-07-02,30.6407
2018-07-03,30.84753
2018-07-04,30.31562
2018-07-05,31.76946
2018-07-06,28.57998
2018-07-07,26.08657
2018-07-08,26.17596
2018-07-09,32.94512
2018-07-10,32.30317
2018-07-11,31.27923
2018-07-12,29.86888
2018-07-13,27.98013
2018-07-14,26.79705
2018-07-15,30.73389
2018-07-16,32.54829
2018-07-17,32.14624
2018-07-18,30.74531
2018-07-19,32.71323
2018-07-20,28.95116
2018-07-21,26.70466
2018-07-22,27.60595
2018-07-23,31.41171
2018-07-24,30.20098
2018-07-25,29.37565
2018-07-26,30.01479
2018-07-27,28.16472
2018-07-28,26.66378
2018-07-29,27.14839
2018-07-30,32.68678
2018-07-31,31.35379
2018-08-01,30.59259
2018-08-02,32.15406
2018-08-03,29.81356
2018-08-04,27.52838
2018-08-05,29.26502
2018-08-06,37.36135
2018-08-07,38.42939
2018-08-08,36.69576
2018-08-09,37.37178
2018-08-10,39.2487
2018-08-11,33.8456
2018-08-12,33.93298
2018-08-13,39.57138
2018-08-14,37.58402
2018-08-15,38.28388
2018-08-16,41.08675
2018-08-17,39.83954
2018-08-18,37.61428
2018-08-19,37.77863
2018-08-20,51.66147
2018-08-21,47.65589
2018-08-22,45.93168
2018-08-23,44.36481
2018-08-24,52.54492
2018-08-25,50.77963
2018-08-26,46.37581
2018-08-27,54.93752
2018-08-28,48.75319
2018-08-29,45.15346
2018-08-30,50.22426
2018-08-31,48.87404
2018-09-01,44.77847
2018-09-02,40.23196
2018-09-03,52.13246
2018-09-04,54.74572
2018-09-05,57.22912
2018-09-06,54.51765
2018-09-07,51.93645
2018-09-08,46.2736
2018-09-09,48.60047
2018-09-10,60.85911
2018-09-11,56.43887
2018-09-12,55.08764
2018-09-13,63.48941
2018-09-14,54.92269
2018-09-15,45.47693
2018-09-16,42.48968
2018-09-17,50.30523
2018-09-18,47.86653
2018-09-19,43.82448
2018-09-20,41.94434
2018-09-21,38.58532
2018-09-22,32.04964
2018-09-23,27.25742
2018-09-24,29.98893
2018-09-25,35.69547
2018-09-26,43.8371
2018-09-27,49.5236
2018-09-28,51.42878
2018-09-29,43.25629
2018-09-30,39.773
2018-10-01,48.43793
2018-10-02,44.71013
2018-10-03,43.87598
2018-10-04,46.0349
2018-10-05,39.50805
2018-10-06,38.96571
2018-10-07,39.14489
2018-10-08,44.61353
2018-10-09,46.02408
2018-10-10,45.27952
2018-10-11,42.92179
2018-10-12,38.90959
2018-10-13,35.5185
2018-10-14,35.40787
2018-10-15,43.52345
2018-10-16,42.71395
2018-10-17,39.36334
2018-10-18,39.28658
2018-10-19,36.09471
2018-10-20,33.37441
2018-10-21,34.45688
2018-10-22,40.89795
2018-10-23,39.92732
2018-10-24,40.59753
2018-10-25,37.90509
2018-10-26,35.12488
2018-10-27,31.69891
2018-10-28,33.39887
2018-10-29,38.69515
2018-10-30,38.44703
2018-10-31,35.64035
2018-11-01,36.20914
2018-11-02,35.77544
2018-11-03,32.09714
2018-11-04,31.98471
2018-11-05,39.98384
2018-11-06,37.78264
2018-11-07,36.32419
2018-11-08,37.10422
2018-11-09,33.21889
2018-11-10,32.77035
2018-11-11,32.76374
2018-11-12,38.63322
2018-11-13,38.02815
2018-11-14,34.85712
2018-11-15,40.13095
2018-11-16,37.4295
2018-11-17,29.99454
2018-11-18,30.58338
2018-11-19,37.2393
2018-11-20,36.91322
2018-11-21,35.31307
2018-11-22,33.90613
2018-11-23,29.46143
2018-11-24,26.76719
2018-11-25,29.74703
2018-11-26,34.91684
2018-11-27,35.2794
2018-11-28,34.48814
2018-11-29,32.71163
2018-11-30,32.27812
2018-12-01,29.5907
2018-12-02,32.26509
2018-12-03,36.45025
2018-12-04,35.67964
2018-12-05,33.37121
2018-12-06,33.07679
2018-12-07,29.92259
2018-12-08,28.51345
2018-12-09,30.38316
2018-12-10,33.43113
2018-12-11,34.46971
2018-12-12,31.82377
2018-12-13,31.92438
2018-12-14,29.32454
2018-12-15,28.04386
2018-12-16,29.53859
2018-12-17,34.60539
2018-12-18,32.87798
2018-12-19,35.88086
2018-12-20,32.25287
2018-12-21,30.37795
2018-12-22,27.52578
2018-12-23,28.0613
2018-12-24,29.24979
2018-12-25,30.26591
2018-12-26,35.81773
2018-12-27,33.11407
2018-12-28,31.00506
2018-12-29,29.80054
2018-12-30,30.85234
2018-12-31,28.96198
2019-01-01,29.77649
2019-01-02,37.48161
2019-01-03,37.66579
2019-01-04,36.31296
2019-01-05,34.24223
2019-01-06,36.0927
2019-01-07,41.74833
2019-01-08,38.92984
2019-01-09,36.43442
2019-01-10,36.36808
2019-01-11,34.10374
2019-01-12,33.5103
2019-01-13,34.54326
2019-01-14,39.00038
2019-01-15,38.79696
2019-01-16,38.13838
2019-01-17,38.81359
2019-01-18,35.53594
2019-01-19,34.21157
2019-01-20,34.91404
2019-01-21,39.43549
2019-01-22,39.04127
2019-01-23,37.2381
2019-01-24,37.44433
2019-01-25,33.30246
2019-01-26,33.64859
2019-01-27,36.78515
2019-01-28,39.20902
2019-01-29,36.25644
2019-01-30,34.17529
2019-01-31,32.6008
2019-02-01,28.84013
2019-02-02,28.02963
2019-02-03,26.42147
2019-02-04,29.78992
2019-02-05,33.28563
2019-02-06,40.07483
2019-02-07,45.5078
2019-02-08,41.27053
2019-02-09,40.4418
2019-02-10,41.07372
2019-02-11,47.74808
2019-02-12,43.99163
2019-02-13,40.05259
2019-02-14,38.20933
2019-02-15,36.59315
2019-02-16,34.9435
2019-02-17,37.9558
2019-02-18,43.06849
2019-02-19,39.74594
2019-02-20,38.55205
2019-02-21,37.61869
2019-02-22,35.88026
2019-02-23,34.00674
2019-02-24,36.25043
2019-02-25,39.49843
2019-02-26,39.09538
2019-02-27,36.1386
2019-02-28,32.97458
2019-03-01,34.53444
2019-03-02,34.79879
2019-03-03,35.03569
2019-03-04,37.41767
2019-03-05,35.98327
2019-03-06,34.90842
2019-03-07,36.25825
2019-03-08,33.10505
2019-03-09,32.37733
2019-03-10,33.14994
2019-03-11,36.07146
2019-03-12,36.58533
2019-03-13,34.01055
2019-03-14,34.9916
2019-03-15,32.72866
2019-03-16,30.90585
2019-03-17,32.77516
2019-03-18,35.73155
2019-03-19,38.13117
2019-03-20,34.95672
2019-03-21,34.98939
2019-03-22,31.57806
2019-03-23,30.61023
2019-03-24,31.6923
2019-03-25,36.19632
2019-03-26,34.86253
2019-03-27,34.15665
2019-03-28,33.5095
2019-03-29,30.29577
2019-03-30,29.69772
2019-03-31,32.78759
2019-04-01,36.83746
2019-04-02,35.39424
2019-04-03,33.86484
2019-04-04,33.52272
2019-04-05,29.58188
2019-04-06,30.46713
2019-04-07,31.87648
2019-04-08,36.30013
2019-04-09,33.82616
2019-04-10,31.7917
2019-04-11,31.29526
2019-04-12,29.6875
2019-04-13,28.1551
2019-04-14,31.05396
2019-04-15,34.91063
2019-04-16,33.57944
2019-04-17,32.62084
2019-04-18,31.76184
2019-04-19,28.5882
2019-04-20,28.4417
2019-04-21,29.33436
2019-04-22,35.36738
2019-04-23,33.08761
2019-04-24,31.08402
2019-04-25,29.92119
2019-04-26,27.69734
2019-04-27,26.45895
2019-04-28,28.03144
2019-04-29,34.50498
2019-04-30,31.37864
2019-05-01,30.62787
2019-05-02,30.62326
2019-05-03,27.67148
2019-05-04,25.94888
2019-05-05,27.61577
2019-05-06,33.19283
2019-05-07,37.36476
2019-05-08,32.14244
2019-05-09,32.60561
2019-05-10,29.85164
2019-05-11,28.24929
2019-05-12,29.91277
2019-05-13,35.19101
2019-05-14,34.13721
2019-05-15,32.1252
2019-05-16,32.29015
2019-05-17,30.0707
2019-05-18,29.81697
2019-05-19,30.41843
2019-05-20,36.59154
2019-05-21,34.54586
2019-05-22,33.81313
2019-05-23,32.50259
2019-05-24,29.96268
2019-05-25,28.68921
2019-05-26,29.57807
2019-05-27,35.23511
2019-05-28,33.95783
2019-05-29,33.23853
2019-05-30,31.52996
2019-05-31,28.51124
2019-06-01,27.9683
2019-06-02,27.80496
2019-06-03,33.7516
2019-06-04,32.82446
2019-06-05,29.31272
2019-06-06,30.0689
2019-06-07,31.94623
2019-06-08,29.04796
2019-06-09,29.41433
2019-06-10,34.8
2019-06-11,32.75131
2019-06-12,31.77166
2019-06-13,32.87096
2019-06-14,30.47355
2019-06-15,30.14085
2019-06-16,30.37574
2019-06-17,36.63484
2019-06-18,35.06575
2019-06-19,34.02958
2019-06-20,33.39125
2019-06-21,31.0734
2019-06-22,30.16049
2019-06-23,30.38075
2019-06-24,36.54124
2019-06-25,35.03168
2019-06-26,34.4671
2019-06-27,33.48244
2019-06-28,31.00766
2019-06-29,29.46684
2019-06-30,29.0656
2019-07-01,34.81864
2019-07-02,34.86393
2019-07-03,34.18391
2019-07-04,33.58305
2019-07-05,30.59941
2019-07-06,29.49189
2019-07-07,30.57035
2019-07-08,37.06253
2019-07-09,36.10473
2019-07-10,33.52673
2019-07-11,33.87887
2019-07-12,31.9793
2019-07-13,31.39467
2019-07-14,31.34477
2019-07-15,36.91242
2019-07-16,35.23932
2019-07-17,33.60169
2019-07-18,34.03219
2019-07-19,31.48747
2019-07-20,30.20819
2019-07-21,30.84212
2019-07-22,35.56059
2019-07-23,35.20865
2019-07-24,33.79129
2019-07-25,32.86094
2019-07-26,31.03151
2019-07-27,29.70935
2019-07-28,29.20168
2019-07-29,35.62071
2019-07-30,34.20996
2019-07-31,33.94842
2019-08-01,32.06327
2019-08-02,29.21832
2019-08-03,27.25842
2019-08-04,27.71938
2019-08-05,35.17739
2019-08-06,35.65639
2019-08-07,35.21186
2019-08-08,35.93277
2019-08-09,33.49326
2019-08-10,30.93611
2019-08-11,31.45059
2019-08-12,40.94886
2019-08-13,38.22516
2019-08-14,34.69618
2019-08-15,33.47783
2019-08-16,35.42631
2019-08-17,33.60249
2019-08-18,33.05414
2019-08-19,40.57969
2019-08-20,38.61097
2019-08-21,37.54153
2019-08-22,36.34563
2019-08-23,34.11777
2019-08-24,32.41581
2019-08-25,34.05524
2019-08-26,58.35748
2019-08-27,40.62518
2019-08-28,38.45825
2019-08-29,36.99679
2019-08-30,34.85211
2019-08-31,33.38063
2019-09-01,32.72385
2019-09-02,39.29179
2019-09-03,38.1949
2019-09-04,36.0458
2019-09-05,34.79298
2019-09-06,30.29638
2019-09-07,28.96058
2019-09-08,30.49339
2019-09-09,36.07406
2019-09-10,33.67304
2019-09-11,29.02111
2019-09-12,23.53142
2019-09-13,26.23007
2019-09-14,31.57545
2019-09-15,36.65207
2019-09-16,58.54848
2019-09-17,45.04383
2019-09-18,41.54671
2019-09-19,40.18727
2019-09-20,37.48521
2019-09-21,35.10664
2019-09-22,34.55308
2019-09-23,42.90716
2019-09-24,41.28196
2019-09-25,39.47498
2019-09-26,40.23457
2019-09-27,37.87904
2019-09-28,37.18418
2019-09-29,36.63063
2019-09-30,44.09063
2019-10-01,42.90756
2019-10-02,39.06752
2019-10-03,38.16504
2019-10-04,38.98736
2019-10-05,35.87645
2019-10-06,35.45036
2019-10-07,42.7859
2019-10-08,38.99738
2019-10-09,38.73142
2019-10-10,40.39751
2019-10-11,38.02033
2019-10-12,36.24322
2019-10-13,35.53193
2019-10-14,42.68529
2019-10-15,40.52858
2019-10-16,43.08934
2019-10-17,42.11069
2019-10-18,40.02693
2019-10-19,38.18007
2019-10-20,40.54622
2019-10-21,49.61018
2019-10-22,48.26597
2019-10-23,44.35318
2019-10-24,45.91926
2019-10-25,42.56985
2019-10-26,38.92483
2019-10-27,39.56236
2019-10-28,47.95351
2019-10-29,47.01736
2019-10-30,44.78529
2019-10-31,45.18392
2019-11-01,43.28094
2019-11-02,40.81658
2019-11-03,41.55292
2019-11-04,49.69395
2019-11-05,48.74317
2019-11-06,53.21552
2019-11-07,50.12606
2019-11-08,45.67234
2019-11-09,42.28445
2019-11-10,42.22212
2019-11-11,50.30664
2019-11-12,50.46276
2019-11-13,48.51509
2019-11-14,47.28912
2019-11-15,44.70512
2019-11-16,42.64761
2019-11-17,43.01318
2019-11-18,54.34989
2019-11-19,50.06794
2019-11-20,48.4231
2019-11-21,47.95412
2019-11-22,45.29054
2019-11-23,43.17632
2019-11-24,43.90545
2019-11-25,54.09396
2019-11-26,53.2989
2019-11-27,53.43899
2019-11-28,53.03214
2019-11-29,48.02065
2019-11-30,45.32662
2019-12-01,44.13072
2019-12-02,53.7316
2019-12-03,53.50272
2019-12-04,49.87153
2019-12-05,50.22968
2019-12-06,49.01854
2019-12-07,46.72314
2019-12-08,46.14653
2019-12-09,56.0266
2019-12-10,54.00638
2019-12-11,54.86437
2019-12-12,55.74802
2019-12-13,51.17686
2019-12-14,49.12917
2019-12-15,49.90941
2019-12-16,70.75241
2019-12-17,66.25099
2019-12-18,59.50227
2019-12-19,56.87758
2019-12-20,52.49862
2019-12-21,48.92174
2019-12-22,49.94548
2019-12-23,57.37081
2019-12-24,49.63042
2019-12-25,47.71401
2019-12-26,56.91306
2019-12-27,52.99686
2019-12-28,49.32298
2019-12-29,47.63465
2019-12-30,54.45932
2019-12-31,47.7096
2020-01-01,45.13462
2020-01-02,55.85845
2020-01-03,54.54029
2020-01-04,53.68611
2020-01-05,51.28368
2020-01-06,60.58815
2020-01-07,59.54977
2020-01-08,57.32512
2020-01-09,56.4571
2020-01-10,53.09928
2020-01-11,51.88654
2020-01-12,52.28979
2020-01-13,61.91232
2020-01-14,61.52911
2020-01-15,62.62621
2020-01-16,61.56058
2020-01-17,57.99532
2020-01-18,56.22021
2020-01-19,52.61827
2020-01-20,60.17668
2020-01-21,58.28152
2020-01-22,54.9758
2020-01-23,50.65737
2020-01-24,39.04287
2020-01-25,38.39432
2020-01-26,43.82748
2020-01-27,50.97664
2020-01-28,60.67192
2020-01-29,60.71922
2020-01-30,62.51137
2020-01-31,53.74042
2020-02-01,54.88141
2020-02-02,51.20051
2020-02-03,61.70669
2020-02-04,61.02125
2020-02-05,59.4215
2020-02-06,59.98288
2020-02-07,57.57885
2020-02-08,59.40908
2020-02-09,58.32581
2020-02-10,67.13204
2020-02-11,67.97239
2020-02-12,70.83458
2020-02-13,72.06495
2020-02-14,67.4483
2020-02-15,64.89155
2020-02-16,57.63837
2020-02-17,73.6639
2020-02-18,72.26838
2020-02-19,69.13703
2020-02-20,73.44785
2020-02-21,60.8545
2020-02-22,56.29637
2020-02-23,50.91351
2020-02-24,57.75281
2020-02-25,54.51845
2020-02-26,54.8764
2020-02-27,57.13673
2020-02-28,50.59724
2020-02-29,49.73063
2020-03-01,49.42579
2020-03-02,55.87248
2020-03-03,56.44167
2020-03-04,57.01908
2020-03-05,57.26339
2020-03-06,53.76026
2020-03-07,55.05517
2020-03-08,53.30331
2020-03-09,62.11995
2020-03-10,62.7152
2020-03-11,58.38293
2020-03-12,58.62825
2020-03-13,58.13822
2020-03-14,52.83994
2020-03-15,51.78533
2020-03-16,66.35822
2020-03-17,64.87672
2020-03-18,63.22987
2020-03-19,62.22717
2020-03-20,54.27935
2020-03-21,52.03445
2020-03-22,49.65788
2020-03-23,59.04792
2020-03-24,56.43746
2020-03-25,53.37405
2020-03-26,55.32073
2020-03-27,50.78103
2020-03-28,48.29944
2020-03-29,47.16166
2020-03-30,55.24517
2020-03-31,53.15981
2020-04-01,53.78191
2020-04-02,53.1576
2020-04-03,48.20544
2020-04-04,46.9921
2020-04-05,45.77275
2020-04-06,54.64892
2020-04-07,53.97832
2020-04-08,53.08625
2020-04-09,51.74304
2020-04-10,48.72573
2020-04-11,48.34313
2020-04-12,49.21395
2020-04-13,56.47434
2020-04-14,52.96319
2020-04-15,48.66921
2020-04-16,53.80495
2020-04-17,52.55354
2020-04-18,51.55485
2020-04-19,51.96871
2020-04-20,57.94301
2020-04-21,57.02008
2020-04-22,54.97841
2020-04-23,54.66515
2020-04-24,49.55506
2020-04-25,49.52921
2020-04-26,50.05331
2020-04-27,57.57023
2020-04-28,56.98862
2020-04-29,50.83895
2020-04-30,48.57642
2020-05-01,50.19781
2020-05-02,47.77875
2020-05-03,50.48301
2020-05-04,55.14175
2020-05-05,55.24176
2020-05-06,56.94693
2020-05-07,52.52227
2020-05-08,47.8533
2020-05-09,47.52682
2020-05-10,46.77886
2020-05-11,56.98581
2020-05-12,55.19607
2020-05-13,52.59142
2020-05-14,52.41144
2020-05-15,50.34351
2020-05-16,50.83634
2020-05-17,50.64955
2020-05-18,59.20545
2020-05-19,55.80053
2020-05-20,54.6413
2020-05-21,54.00938
2020-05-22,50.97604
2020-05-23,50.01422
2020-05-24,51.78794
2020-05-25,58.93228
2020-05-26,56.29877
2020-05-27,53.41614
2020-05-28,54.82629
2020-05-29,51.9142
2020-05-30,51.34942
2020-05-31,51.32216
2020-06-01,61.27959
2020-06-02,59.03269
2020-06-03,58.33102
2020-06-04,59.4201
2020-06-05,55.70192
2020-06-06,56.92809
2020-06-07,56.37413
2020-06-08,68.27703
2020-06-09,64.56326
2020-06-10,63.5794
2020-06-11,66.90235
2020-06-12,65.38378
2020-06-13,62.0472
2020-06-14,61.45817
2020-06-15,76.57639
2020-06-16,73.85149
2020-06-17,91.78701
2020-06-18,84.09953
2020-06-19,76.51286
2020-06-20,68.72457
2020-06-21,65.18216
2020-06-22,81.66484
2020-06-23,78.15129
2020-06-24,73.8068
2020-06-25,71.76052
2020-06-26,69.47494
2020-06-27,65.51886
2020-06-28,69.76915
2020-06-29,80.40801
2020-06-30,75.70657
2020-07-01,78.09958
2020-07-02,83.47603
2020-07-03,76.87963
2020-07-04,70.27942
2020-07-05,69.03321
2020-07-06,86.79457
2020-07-07,83.42191
2020-07-08,84.51139
2020-07-09,86.52881
2020-07-10,87.02405
2020-07-11,71.52943
2020-07-12,67.34067
2020-07-13,79.4488
2020-07-14,78.47877
2020-07-15,78.41123
2020-07-16,79.16721
2020-07-17,77.40974
2020-07-18,73.06825
2020-07-19,69.16369
2020-07-20,83.62414
2020-07-21,80.27974
2020-07-22,77.6314
2020-07-23,78.03665
2020-07-24,71.20576
2020-07-25,68.80093
2020-07-26,65.97982
2020-07-27,80.41061
2020-07-28,79.7815
2020-07-29,81.77306
2020-07-30,80.73389
2020-07-31,75.82502
2020-08-01,67.31141
2020-08-02,61.86802
2020-08-03,80.19897
2020-08-04,79.3524
2020-08-05,71.00895
2020-08-06,71.29575
2020-08-07,71.08791
2020-08-08,62.79917
2020-08-09,59.44275
2020-08-10,75.45284
2020-08-11,75.99538
2020-08-12,74.69345
2020-08-13,73.46368
2020-08-14,66.43858
2020-08-15,58.85011
2020-08-16,58.41119
2020-08-17,70.40889
2020-08-18,69.97578
2020-08-19,71.96996
2020-08-20,70.47503
2020-08-21,79.93342
2020-08-22,79.62457
2020-08-23,68.59109
2020-08-24,79.05277
2020-08-25,74.04349
2020-08-26,73.6631
2020-08-27,70.85843
2020-08-28,64.97132
2020-08-29,63.16574
2020-08-30,60.79217
2020-08-31,71.46089
2020-09-01,70.06698
2020-09-02,66.95767
2020-09-03,67.74873
2020-09-04,63.56898
2020-09-05,61.99529
2020-09-06,67.57877
2020-09-07,77.52638
2020-09-08,73.91903
2020-09-09,70.27441
2020-09-10,68.7386
2020-09-11,66.36222
2020-09-12,72.69347
2020-09-13,62.69676
2020-09-14,71.5591
2020-09-15,68.81816
2020-09-16,67.15208
2020-09-17,67.34067
2020-09-18,65.09918
2020-09-19,62.70958
2020-09-20,57.99773
2020-09-21,68.76184
2020-09-22,64.76689
2020-09-23,60.81482
2020-09-24,61.32689
2020-09-25,54.95897
2020-09-26,53.3029
2020-09-27,55.40871
2020-09-28,62.84988
2020-09-29,53.42897
2020-09-30,44.69149
2020-10-01,46.03871
2020-10-02,51.63922
2020-10-03,53.67148
2020-10-04,58.85773
2020-10-05,72.74798
2020-10-06,69.56052
2020-10-07,67.6874
2020-10-08,65.96279
2020-10-09,65.74293
2020-10-10,66.23817
2020-10-11,65.17715
2020-10-12,81.39387
2020-10-13,76.21203
2020-10-14,77.1077
2020-10-15,76.47157
2020-10-16,70.14073
2020-10-17,66.66506
2020-10-18,65.59141
2020-10-19,78.87721
2020-10-20,76.3872
2020-10-21,76.3902
2020-10-22,73.84067
2020-10-23,69.14424
2020-10-24,64.03175
2020-10-25,62.08628
2020-10-26,78.56275
2020-10-27,79.06019
2020-10-28,76.84556
2020-10-29,76.61167
2020-10-30,72.22429
2020-10-31,69.82687
2020-11-01,65.11722
2020-11-02,80.42865
2020-11-03,78.12443
2020-11-04,70.96566
2020-11-05,80.5453
2020-11-06,76.60365
2020-11-07,70.68767
2020-11-08,69.09294
2020-11-09,83.71873
2020-11-10,81.22692
2020-11-11,85.24292
2020-11-12,87.08357
2020-11-13,83.79069
2020-11-14,75.79315
2020-11-15,76.35132
2020-11-16,91.64672
2020-11-17,93.61744
2020-11-18,93.70002
2020-11-19,100.0
2020-11-20,88.79054
2020-11-21,81.21309
2020-11-22,77.2967
2020-11-23,96.04151
2020-11-24,92.80735
2020-11-25,87.50345
2020-11-26,86.04861
2020-11-27,83.26218
2020-11-28,77.19449
2020-11-29,75.5781
2020-11-30,91.69402
2020-12-01,88.0021
2020-12-02,86.45546
2020-12-03,89.95037
2020-12-04,82.94712
2020-12-05,78.25551
2020-12-06,75.84687
2020-12-07,90.64001
2020-12-08,86.92264
2020-12-09,87.80107
2020-12-10,92.67908
2020-12-11,90.65545
2020-12-12,81.52735
2020-12-13,75.11173
2020-12-14,90.83342
2020-12-15,84.09372
2020-12-16,85.28221
2020-12-17,91.64912
2020-12-18,86.09871
2020-12-19,78.06831
2020-12-20,73.28431
2020-12-21,84.93929
2020-12-22,83.81413
2020-12-23,79.31172
2020-12-24,74.45395
2020-12-25,69.99563
2020-12-26,74.67983
2020-12-27,76.90308
2020-12-28,91.12723
2020-12-29,87.88064
2020-12-30,85.15795
2020-12-31,74.95039
2021-01-01,72.67142
2021-01-02,77.52458
2021-01-03,80.08674
2021-01-04,95.33804
2021-01-05,90.39169
2021-01-06,85.64116
2021-01-07,82.44026
2021-01-08,80.89663
2021-01-09,81.03813
2021-01-10,79.42195
2021-01-11,93.56193
2021-01-12,86.6641
2021-01-13,90.74724
2021-01-14,90.74483
2021-01-15,86.65989
2021-01-16,82.93089
2021-01-17,79.19006
2021-01-18,91.09056
2021-01-19,90.32796
2021-01-20,86.24201
2021-01-21,92.95806
2021-01-22,85.8065
2021-01-23,85.44194
2021-01-24,82.86114
2021-01-25,98.05773
2021-01-26,93.47334
2021-01-27,92.89092
2021-01-28,88.27467
2021-01-29,83.65941
2021-01-30,82.97638
2021-01-31,82.40278
2021-02-01,92.73219
2021-02-02,92.6416
2021-02-03,87.39603
2021-02-04,90.65685
2021-02-05,80.18675
2021-02-06,80.26832
2021-02-07,77.56065
2021-02-08,87.39903
2021-02-09,81.70011
2021-02-10,74.81411
2021-02-11,62.36486
2021-02-12,64.27646
2021-02-13,71.85612
2021-02-14,75.3356
2021-02-15,97.03239
2021-02-16,90.52718
2021-02-17,89.31484
2021-02-18,87.96301
2021-02-19,83.52693
2021-02-20,81.52374
2021-02-21,79.47325
2021-02-22,95.04703
2021-02-23,90.99516
2021-02-24,85.87244
2021-02-25,85.46419
2021-02-26,76.90688
2021-02-27,76.96821
2021-02-28,72.00463
2021-03-01,82.19114
2021-03-02,84.56931
2021-03-03,83.62253
2021-03-04,80.5972
2021-03-05,76.42047
2021-03-06,74.89528
2021-03-07,73.81943
2021-03-08,85.06054
2021-03-09,81.47384
2021-03-10,81.33956
2021-03-11,81.36882
2021-03-12,75.30794
2021-03-13,72.79869
2021-03-14,71.53765
2021-03-15,90.69172
2021-03-16,89.12504
2021-03-17,82.20998
2021-03-18,79.18305
2021-03-19,75.64805
2021-03-20,72.04351
2021-03-21,76.00139
2021-03-22,86.05402
2021-03-23,81.28665
2021-03-24,78.17734
2021-03-25,78.04927
2021-03-26,72.05694
2021-03-27,72.08359
2021-03-28,70.19264
2021-03-29,84.65269
2021-03-30,77.66748
2021-03-31,76.0545
2021-04-01,72.661
2021-04-02,70.4149
2021-04-03,68.39468
2021-04-04,66.57467
2021-04-05,78.17554
2021-04-06,75.74225
2021-04-07,73.3276
2021-04-08,72.3245
2021-04-09,69.36631
2021-04-10,67.09235
2021-04-11,66.4947
2021-04-12,77.82761
2021-04-13,76.71328
2021-04-14,73.31798
2021-04-15,74.95961
2021-04-16,70.28363
2021-04-17,67.62647
2021-04-18,64.13216
2021-04-19,76.76358
2021-04-20,75.20051
2021-04-21,72.16476
2021-04-22,74.35575
2021-04-23,69.62746
2021-04-24,67.19056
2021-04-25,66.69713
2021-04-26,78.50102
2021-04-27,77.74043
2021-04-28,73.33241
2021-04-29,74.41888
2021-04-30,67.36592
2021-05-01,64.11292
2021-05-02,60.6621
2021-05-03,72.09522
2021-05-04,67.59561
2021-05-05,65.04066
2021-05-06,70.9859
2021-05-07,66.67308
2021-05-08,65.5367
2021-05-09,65.8738
2021-05-10,77.99556
2021-05-11,73.49314
2021-05-12,70.62334
2021-05-13,70.72375
2021-05-14,66.26302
2021-05-15,63.98806
2021-05-16,63.90589
2021-05-17,75.85128
2021-05-18,70.12009
2021-05-19,67.8303
2021-05-20,74.55737
2021-05-21,71.27631
2021-05-22,64.75306
2021-05-23,64.98915
2021-05-24,76.93414
2021-05-25,73.06485
2021-05-26,71.41239
2021-05-27,76.18978
2021-05-28,69.17792
2021-05-29,65.39721
2021-05-30,64.62679
2021-05-31,79.92199
2021-06-01,77.44361
2021-06-02,73.2819
2021-06-03,85.90872
2021-06-04,74.62471
2021-06-05,68.30168
2021-06-06,66.16822
2021-06-07,80.89443
2021-06-08,71.74489
2021-06-09,70.81594
2021-06-10,68.1189
2021-06-11,66.48749
2021-06-12,61.45095
2021-06-13,59.30386
2021-06-14,72.63054
2021-06-15,70.42593
2021-06-16,68.9801
2021-06-17,69.83669
2021-06-18,68.75263
2021-06-19,64.344
2021-06-20,60.27228
2021-06-21,76.45594
2021-06-22,74.55516
2021-06-23,71.34585
2021-06-24,71.35747
2021-06-25,65.78762
2021-06-26,64.71718
2021-06-27,61.40686
2021-06-28,77.40934
2021-06-29,73.56008
2021-06-30,72.41589
2021-07-01,70.23092
2021-07-02,66.78311
2021-07-03,64.73282
2021-07-04,64.2003
2021-07-05,77.90738
2021-07-06,72.42771
2021-07-07,71.02839
2021-07-08,71.7503
2021-07-09,66.04075
2021-07-10,63.74074
2021-07-11,63.01763
2021-07-12,78.83392
2021-07-13,76.79485
2021-07-14,73.79377
2021-07-15,73.54265
2021-07-16,70.15977
2021-07-17,69.52364
2021-07-18,65.70926
2021-07-19,78.33928
2021-07-20,75.51537
2021-07-21,74.12206
2021-07-22,76.59042
2021-07-23,70.07239
2021-07-24,64.62359
2021-07-25,62.32358
2021-07-26,73.90681
2021-07-27,73.76912
2021-07-28,74.17798
2021-07-29,72.84459
2021-07-30,67.1611
2021-07-31,63.22586
2021-08-01,59.86383
2021-08-02,70.85222
2021-08-03,73.01875
2021-08-04,71.08911
2021-08-05,76.77882
2021-08-06,72.21727
2021-08-07,68.89973
2021-08-08,63.22887
2021-08-09,79.98753
2021-08-10,77.41996
2021-08-11,79.14396
2021-08-12,79.00648
2021-08-13,75.48731
2021-08-14,69.71183
2021-08-15,66.91999
2021-08-16,81.08042
2021-08-17,82.49177
2021-08-18,83.69949
2021-08-19,84.21618
2021-08-20,85.45938
2021-08-21,72.23932
2021-08-22,72.43092
2021-08-23,88.01713
2021-08-24,87.00481
2021-08-25,83.2249
2021-08-26,83.29585
2021-08-27,76.49482
2021-08-28,74.22908
2021-08-29,73.51719
2021-08-30,91.0633
2021-08-31,81.4081
2021-09-01,80.60161
2021-09-02,83.55098
2021-09-03,78.25029
2021-09-04,73.51278
2021-09-05,71.77334
2021-09-06,80.86116
2021-09-07,80.95575
2021-09-08,75.35965
2021-09-09,77.71638
2021-09-10,71.87015
2021-09-11,68.58387
2021-09-12,67.9297
2021-09-13,78.72769
2021-09-14,73.59355
2021-09-15,74.46999
2021-09-16,71.69538
2021-09-17,64.95007
2021-09-18,57.42773
2021-09-19,54.60423
2021-09-20,51.80858
2021-09-21,59.24894
2021-09-22,67.67196
2021-09-23,85.49144
2021-09-24,77.6787
2021-09-25,73.46869
2021-09-26,69.80884
2021-09-27,84.67133
2021-09-28,81.58387
2021-09-29,80.0236
2021-09-30,76.30603
2021-10-01,73.50657
2021-10-02,68.34257
2021-10-03,67.0669
2021-10-04,80.70824
2021-10-05,84.51119
2021-10-06,79.32194
2021-10-07,77.83442
2021-10-08,70.23934
2021-10-09,65.78482
2021-10-10,63.30042
2021-10-11,76.36796
2021-10-12,75.46346
2021-10-13,76.34852
2021-10-14,76.80828
2021-10-15,72.09061
2021-10-16,60.425
2021-10-17,58.35447
2021-10-18,70.64739
2021-10-19,70.6993
2021-10-20,66.83902
2021-10-21,67.33566
2021-10-22,63.13347
2021-10-23,58.94972
2021-10-24,62.21134
2021-10-25,75.34261
2021-10-26,73.45126
2021-10-27,69.96897
2021-10-28,67.82488
2021-10-29,62.39172
2021-10-30,58.54126
2021-10-31,59.39244
2021-11-01,70.4153
2021-11-02,69.74931
2021-11-03,67.45591
2021-11-04,65.14167
2021-11-05,61.40566
2021-11-06,57.46762
2021-11-07,57.68708
2021-11-08,67.07231
2021-11-09,65.70445
2021-11-10,63.98806
2021-11-11,62.58653
2021-11-12,58.47492
2021-11-13,56.32783
2021-11-14,56.885
2021-11-15,71.1797
2021-11-16,66.98813
2021-11-17,63.30924
2021-11-18,61.93657
2021-11-19,59.97406
2021-11-20,52.81488
2021-11-21,55.51934
2021-11-22,65.50523
2021-11-23,60.82123
2021-11-24,59.48183
2021-11-25,60.96012
2021-11-26,58.72926
2021-11-27,51.69935
2021-11-28,53.33698
2021-11-29,66.43518
2021-11-30,61.86161
2021-12-01,57.47704
2021-12-02,57.14574
2021-12-03,56.4058
2021-12-04,53.52236
2021-12-05,54.90706
2021-12-06,67.91728
2021-12-07,66.10228
2021-12-08,67.77839
2021-12-09,62.11514
2021-12-10,59.94039
2021-12-11,58.25486
2021-12-12,56.3609
2021-12-13,65.14969
2021-12-14,59.8985
2021-12-15,60.07768
2021-12-16,60.74808
2021-12-17,59.78286
2021-12-18,53.22254
2021-12-19,55.01168
2021-12-20,68.25098
2021-12-21,61.76781
2021-12-22,58.93489
2021-12-23,60.05122
2021-12-24,51.07524
2021-12-25,45.86715
2021-12-26,51.07104
2021-12-27,63.31445
2021-12-28,62.01132
2021-12-29,59.81994
2021-12-30,58.31038
2021-12-31,50.15592
2022-01-01,47.42661
2022-01-02,56.00516
2022-01-03,65.71507
2022-01-04,65.77419
2022-01-05,64.05279
2022-01-06,64.5815
2022-01-07,62.0462
2022-01-08,58.42763
2022-01-09,60.31558
2022-01-10,69.90423
2022-01-11,64.69854
2022-01-12,63.28659
2022-01-13,64.72921
2022-01-14,62.70658
2022-01-15,59.83517
2022-01-16,57.78508
2022-01-17,65.78963
2022-01-18,64.92161
2022-01-19,61.88546
2022-01-20,62.99578
2022-01-21,60.22499
2022-01-22,59.12007
2022-01-23,59.5638
2022-01-24,71.32501
2022-01-25,64.40653
2022-01-26,60.56389
2022-01-27,59.69047
2022-01-28,53.99595
2022-01-29,50.38841
2022-01-30,45.42021
2022-01-31,45.23362
2022-02-01,48.71671
2022-02-02,56.72546
2022-02-03,73.05603
2022-02-04,70.04934
2022-02-05,66.30511
2022-02-06,64.11653
2022-02-07,70.91535
2022-02-08,68.85043
2022-02-09,65.8716
2022-02-10,65.99425
2022-02-11,65.78241
2022-02-12,62.54684
2022-02-13,62.6214
2022-02-14,70.16438
2022-02-15,68.069
2022-02-16,64.41194
2022-02-17,66.19267
2022-02-18,61.79647
2022-02-19,60.17789
2022-02-20,58.89741
2022-02-21,68.4528
2022-02-22,64.97833
2022-02-23,62.36566
2022-02-24,60.77093
2022-02-25,56.24105
2022-02-26,54.92831
2022-02-27,54.01459
2022-02-28,61.31246
2022-03-01,61.55597
2022-03-02,58.86374
2022-03-03,57.99953
2022-03-04,55.23475
2022-03-05,53.95627
2022-03-06,53.66967
2022-03-07,60.84528
2022-03-08,57.68988
2022-03-09,48.74737
2022-03-10,64.72821
2022-03-11,63.44512
2022-03-12,61.4249
2022-03-13,61.54415
2022-03-14,70.26699
2022-03-15,68.33195
2022-03-16,65.85356
2022-03-17,65.46314
2022-03-18,62.4801
2022-03-19,61.14812
2022-03-20,58.70821
2022-03-21,67.3561
2022-03-22,65.47417
2022-03-23,69.02219
2022-03-24,64.33338
2022-03-25,60.01134
2022-03-26,60.33041
2022-03-27,59.39224
2022-03-28,69.40178
2022-03-29,67.15368
2022-03-30,66.2526
2022-03-31,66.47286
2022-04-01,62.41797
2022-04-02,58.01115
2022-04-03,58.56331
2022-04-04,69.18834
2022-04-05,67.591
2022-04-06,65.34269
2022-04-07,64.30773
2022-04-08,60.92365
2022-04-09,56.79561
2022-04-10,56.15307
2022-04-11,67.87499
2022-04-12,63.87963
2022-04-13,62.06844
2022-04-14,62.80338
2022-04-15,61.31386
2022-04-16,56.36411
2022-04-17,57.44337
2022-04-18,69.36571
2022-04-19,66.81637
2022-04-20,63.80748
2022-04-21,62.63282
2022-04-22,58.27992
2022-04-23,55.35981
2022-04-24,58.10134
2022-04-25,68.67126
2022-04-26,70.176
2022-04-27,66.46684
2022-04-28,63.06272
2022-04-29,57.89351
2022-04-30,54.86136
2022-05-01,53.28006
2022-05-02,62.65467
2022-05-03,62.27407
2022-05-04,58.54708
2022-05-05,56.10577
2022-05-06,61.17096
2022-05-07,54.58479
2022-05-08,55.37043
2022-05-09,69.84792
2022-05-10,66.51054
2022-05-11,66.57427
2022-05-12,64.66548
2022-05-13,58.29635
2022-05-14,53.88432
2022-05-15,54.21561
2022-05-16,69.80623
2022-05-17,64.74224
2022-05-18,63.22707
2022-05-19,62.5761
2022-05-20,58.68496
2022-05-21,53.6807
2022-05-22,53.1558
2022-05-23,64.62499
2022-05-24,64.76629
2022-05-25,62.8114
2022-05-26,63.65195
2022-05-27,60.53564
2022-05-28,54.34949
2022-05-29,57.32492
2022-05-30,68.39588
2022-05-31,63.20783
2022-06-01,59.27961
2022-06-02,59.52973
2022-06-03,58.29515
2022-06-04,54.41924
2022-06-05,51.88394
2022-06-06,63.32327
2022-06-07,64.47848
2022-06-08,62.92904
2022-06-09,64.03676
2022-06-10,59.7556
2022-06-11,54.72007
2022-06-12,57.72636
2022-06-13,69.63347
2022-06-14,63.7215
2022-06-15,63.40043
2022-06-16,66.46865
2022-06-17,64.14639
2022-06-18,56.45149
2022-06-19,56.61584
2022-06-20,69.73989
2022-06-21,68.99233
2022-06-22,62.51778
2022-06-23,59.1818
2022-06-24,55.66485
2022-06-25,52.44531
2022-06-26,53.29369
2022-06-27,63.3858
2022-06-28,59.91373
2022-06-29,58.33423
2022-06-30,59.23732
2022-07-01,55.7863
2022-07-02,51.79996
2022-07-03,51.28007
2022-07-04,66.10769
2022-07-05,64.33959
2022-07-06,59.53394
2022-07-07,60.71702
2022-07-08,56.17231
2022-07-09,51.59353
2022-07-10,53.11471
2022-07-11,66.66065
2022-07-12,65.60765
2022-07-13,63.17175
2022-07-14,62.82001
2022-07-15,61.39062
2022-07-16,53.53699
2022-07-17,53.14457
2022-07-18,66.26262
2022-07-19,60.46228
2022-07-20,60.20134
2022-07-21,60.96273
2022-07-22,55.55983
2022-07-23,49.37188
2022-07-24,51.67991
2022-07-25,62.40314
2022-07-26,59.7997
2022-07-27,58.22981
2022-07-28,57.56783
2022-07-29,54.74212
2022-07-30,49.80679
2022-07-31,51.99617
2022-08-01,62.22397
2022-08-02,59.13551
2022-08-03,58.57113
2022-08-04,60.20114
2022-08-05,57.6983
2022-08-06,52.68782
2022-08-07,55.99413
2022-08-08,63.31345
2022-08-09,55.12011
2022-08-10,58.62544
2022-08-11,58.52122
2022-08-12,59.36539
2022-08-13,54.28676
2022-08-14,50.8167
2022-08-15,59.71672
2022-08-16,69.17812
2022-08-17,63.94657
2022-08-18,63.87923
2022-08-19,59.50067
2022-08-20,54.28396
2022-08-21,56.87859
2022-08-22,70.43214
2022-08-23,67.02942
2022-08-24,64.37527
2022-08-25,65.07593
2022-08-26,64.2949
2022-08-27,56.32563
2022-08-28,55.6442
2022-08-29,65.70044
2022-08-30,59.93097
2022-08-31,58.91925
2022-09-01,58.96074
2022-09-02,58.28132
2022-09-03,54.32985
2022-09-04,51.64824
2022-09-05,57.2219
2022-09-06,54.31462
2022-09-07,53.49972
2022-09-08,50.79386
2022-09-09,41.94675
2022-09-10,41.94094
2022-09-11,47.96814
2022-09-12,57.62735
2022-09-13,71.64147
2022-09-14,68.80033
2022-09-15,70.72034
2022-09-16,67.30881
2022-09-17,60.06806
2022-09-18,56.79361
2022-09-19,70.08141
2022-09-20,63.85237
2022-09-21,69.37593
2022-09-22,68.46983
2022-09-23,61.79026
2022-09-24,55.87308
2022-09-25,54.71346
2022-09-26,68.94383
2022-09-27,64.06502
2022-09-28,64.73662
2022-09-29,63.68442
2022-09-30,56.48236
2022-10-01,53.05699
2022-10-02,50.70928
2022-10-03,62.2895
2022-10-04,63.20763
2022-10-05,61.26757
2022-10-06,63.11623
2022-10-07,56.27091
2022-10-08,49.82463
2022-10-09,51.4821
2022-10-10,58.45889
2022-10-11,64.88834
2022-10-12,66.4929
2022-10-13,67.0669
2022-10-14,62.12075
2022-10-15,61.1417
2022-10-16,57.89752
2022-10-17,69.11398
2022-10-18,64.68031
2022-10-19,65.47276
2022-10-20,66.09647
2022-10-21,61.0447
2022-10-22,52.51846
2022-10-23,54.49259
2022-10-24,66.33878
2022-10-25,63.40023
2022-10-26,62.93706
2022-10-27,67.14386
2022-10-28,60.4216
2022-10-29,52.75776
2022-10-30,42.33075
2022-10-31,59.55538
2022-11-01,60.14422
2022-11-02,60.42601
2022-11-03,62.08067
2022-11-04,58.70461
2022-11-05,52.08796
2022-11-06,54.35952
2022-11-07,64.87712
2022-11-08,62.98997
2022-11-09,63.46597
2022-11-10,70.01246
2022-11-11,60.35225
2022-11-12,53.12373
2022-11-13,54.65032
2022-11-14,67.12402
2022-11-15,67.45752
2022-11-16,64.59312
2022-11-17,61.96743
2022-11-18,58.33944
2022-11-19,52.62789
2022-11-20,53.79313
2022-11-21,65.0603
2022-11-22,63.10762
2022-11-23,61.2848
2022-11-24,59.26297
2022-11-25,58.15065
2022-11-26,51.89135
2022-11-27,51.24961
2022-11-28,61.14511
2022-11-29,58.03821
2022-11-30,54.80224
2022-12-01,56.05907
2022-12-02,52.22685
2022-12-03,43.07531
2022-12-04,46.66742
2022-12-05,58.62584
2022-12-06,57.19966
2022-12-07,59.1335
2022-12-08,60.04942
2022-12-09,58.34245
2022-12-10,52.68902
2022-12-11,54.05929
2022-12-12,68.81876
2022-12-13,65.34009
2022-12-14,63.41927
2022-12-15,62.21114
2022-12-16,62.58933
2022-12-17,55.28164
2022-12-18,56.56894
2022-12-19,65.18977
2022-12-20,62.15442
2022-12-21,63.71489
2022-12-22,60.78355
2022-12-23,57.09464
2022-12-24,50.74235
2022-12-25,51.39311
2022-12-26,63.86941
2022-12-27,63.22626
2022-12-28,62.17486
2022-12-29,61.90089
2022-12-30,56.12461
2022-12-31,48.84798
2023-01-01,55.26982
2023-01-02,74.20964
2023-01-03,74.61549
2023-01-04,71.80862
2023-01-05,68.06318
2023-01-06,64.88353
2023-01-07,60.02176
2023-01-08,63.06092
2023-01-09,73.5667
2023-01-10,72.34654
2023-01-11,74.03087
2023-01-12,71.54908
2023-01-13,64.8218
2023-01-14,60.43001
2023-01-15,58.93529
2023-01-16,71.31278
2023-01-17,67.23525
2023-01-18,64.40954
2023-01-19,61.67001
2023-01-20,53.70374
2023-01-21,45.21919
2023-01-22,48.59185
2023-01-23,56.20397
2023-01-24,62.10311
2023-01-25,76.55916
2023-01-26,75.61218
2023-01-27,70.60991
2023-01-28,64.96691
2023-01-29,66.09366
2023-01-30,80.14867
2023-01-31,76.69644
2023-02-01,72.16617
2023-02-02,71.1771
2023-02-03,68.35099
2023-02-04,64.88834
2023-02-05,64.4394
2023-02-06,78.80305
2023-02-07,77.31033
2023-02-08,75.58452
2023-02-09,73.48152
2023-02-10,68.77146
2023-02-11,66.95406
2023-02-12,66.18986
2023-02-13,79.31432
2023-02-14,73.38832
2023-02-15,72.17278
2023-02-16,70.50048
2023-02-17,67.0206
2023-02-18,62.93365
2023-02-19,61.20383
2023-02-20,73.9024
2023-02-21,70.13732
2023-02-22,67.46874
2023-02-23,66.71416
2023-02-24,60.9968
2023-02-25,58.47994
2023-02-26,58.47953
2023-02-27,67.88381
2023-02-28,65.3956
2023-03-01,64.03696
2023-03-02,64.87932
2023-03-03,60.32159
2023-03-04,58.80161
2023-03-05,60.04621
2023-03-06,66.87931
2023-03-07,66.41453
2023-03-08,62.3833
2023-03-09,61.83876
2023-03-10,54.22644
2023-03-11,50.87342
2023-03-12,49.53823
2023-03-13,63.37057
2023-03-14,62.31075
2023-03-15,61.93496
2023-03-16,62.07566
2023-03-17,59.53194
2023-03-18,54.66255
2023-03-19,55.87408
2023-03-20,69.79841
2023-03-21,66.22714
2023-03-22,64.99136
2023-03-23,64.81399
2023-03-24,58.30116
2023-03-25,53.23837
2023-03-26,56.1695
2023-03-27,65.69022
2023-03-28,63.29601
2023-03-29,60.43603
2023-03-30,59.16336
2023-03-31,53.85927
2023-04-01,48.68424
2023-04-02,50.45234
2023-04-03,62.26265
2023-04-04,60.11135
2023-04-05,59.28602
2023-04-06,57.6502
2023-04-07,55.75864
2023-04-08,51.18087
2023-04-09,51.56226
2023-04-10,64.23217
2023-04-11,61.67462
2023-04-12,58.97196
2023-04-13,58.89941
2023-04-14,55.24777
2023-04-15,52.35051
2023-04-16,53.17824
2023-04-17,66.95066
2023-04-18,63.15431
2023-04-19,61.17978
2023-04-20,59.78046
2023-04-21,56.53447
2023-04-22,50.99989
2023-04-23,51.71218
2023-04-24,63.92753
2023-04-25,59.9434
2023-04-26,56.99002
2023-04-27,55.77588
2023-04-28,51.58732
2023-04-29,48.29884
2023-04-30,48.13469
2023-05-01,58.48354
2023-05-02,59.60589
2023-05-03,56.79321
2023-05-04,53.12393
2023-05-05,48.01624
2023-05-06,49.03077
2023-05-07,50.56518
2023-05-08,61.58002
2023-05-09,60.96874
2023-05-10,58.76854
2023-05-11,58.704
2023-05-12,55.19306
2023-05-13,50.45555
2023-05-14,50.22086
2023-05-15,63.63632
2023-05-16,61.74176
2023-05-17,58.28533
2023-05-18,57.27201
2023-05-19,54.10699
2023-05-20,49.16224
2023-05-21,47.20735
2023-05-22,62.58111
2023-05-23,59.54095
2023-05-24,57.94301
2023-05-25,56.17972
2023-05-26,51.69434
2023-05-27,45.58315
2023-05-28,45.56612
2023-05-29,56.13784
2023-05-30,62.01453
2023-05-31,57.6049
2023-06-01,55.31752
2023-06-02,51.8166
2023-06-03,48.17979
2023-06-04,49.66169
2023-06-05,59.57823
2023-06-06,56.18734
2023-06-07,60.79818
2023-06-08,58.43905
2023-06-09,55.77147
2023-06-10,50.30604
2023-06-11,49.38431
2023-06-12,61.08899
2023-06-13,59.24554
2023-06-14,56.73829
2023-06-15,57.0752
2023-06-16,53.31754
2023-06-17,47.54326
2023-06-18,46.8456
2023-06-19,60.34744
2023-06-20,56.86997
2023-06-21,55.37744
2023-06-22,55.40791
2023-06-23,51.99677
2023-06-24,46.01065
2023-06-25,44.18984
2023-06-26,58.09794
2023-06-27,55.79953
2023-06-28,55.14356
2023-06-29,52.86739
2023-06-30,49.32298
2023-07-01,46.82395
2023-07-02,47.7575
2023-07-03,57.13452
2023-07-04,55.32133
2023-07-05,55.08644
2023-07-06,53.60834
2023-07-07,50.34131
2023-07-08,46.45077
2023-07-09,46.85642
2023-07-10,58.25647
2023-07-11,52.69123
2023-07-12,53.17303
2023-07-13,52.15791
2023-07-14,48.10944
2023-07-15,46.02588
2023-07-16,44.96646
2023-07-17,58.51541
2023-07-18,55.44459
2023-07-19,54.0661
2023-07-20,52.8221
2023-07-21,49.91161
2023-07-22,45.18111
2023-07-23,46.38463
2023-07-24,58.30617
2023-07-25,55.80314
2023-07-26,53.26242
2023-07-27,52.12624
2023-07-28,49.24321
2023-07-29,45.49036
2023-07-30,42.96368
2023-07-31,53.25761
2023-08-01,52.06952
2023-08-02,50.51848
2023-08-03,50.80267
2023-08-04,47.9952
2023-08-05,45.13782
2023-08-06,43.66214
2023-08-07,54.57978
2023-08-08,54.76797
2023-08-09,53.36503
2023-08-10,49.95209
2023-08-11,49.98737
2023-08-12,48.07577
2023-08-13,47.00774
2023-08-14,57.38905
2023-08-15,55.68489
2023-08-16,60.90781
2023-08-17,59.58825
2023-08-18,54.95877
2023-08-19,50.765
2023-08-20,48.54876
2023-08-21,61.02145
2023-08-22,58.86915
2023-08-23,57.26359
2023-08-24,56.75753
2023-08-25,53.63199
2023-08-26,51.06963
2023-08-27,49.82643
2023-08-28,60.30896
2023-08-29,59.59807
2023-08-30,56.28735
2023-08-31,55.6903
2023-09-01,52.14809
2023-09-02,50.8606
2023-09-03,50.55596
2023-09-04,60.87795
2023-09-05,58.85652
2023-09-06,57.42553
2023-09-07,57.03211
2023-09-08,54.58318
2023-09-09,50.50064
2023-09-10,50.76079
2023-09-11,62.50556
2023-09-12,60.16726
2023-09-13,55.58468
2023-09-14,55.60853
2023-09-15,53.98974
2023-09-16,49.8112
2023-09-17,49.40515
2023-09-18,60.74307
2023-09-19,56.14104
2023-09-20,51.25883
2023-09-21,49.84287
2023-09-22,47.72223
2023-09-23,44.97168
2023-09-24,44.4598
2023-09-25,50.88104
2023-09-26,47.23381
2023-09-27,39.79865
2023-09-28,34.14022
2023-09-29,36.02436
2023-09-30,38.13878
2023-10-01,38.44562
2023-10-02,45.11918
2023-10-03,48.89929
2023-10-04,57.81494
2023-10-05,54.86517
2023-10-06,52.50664
2023-10-07,46.09202
2023-10-08,43.02841
2023-10-09,54.91929
2023-10-10,60.67974
2023-10-11,57.84581
2023-10-12,57.13833
2023-10-13,52.90848
2023-10-14,48.16476
2023-10-15,47.16707
2023-10-16,60.8525
2023-10-17,60.02978
2023-10-18,56.40479
2023-10-19,55.641
2023-10-20,50.5283
2023-10-21,45.03581
2023-10-22,45.6068
2023-10-23,58.28252
2023-10-24,56.17952
2023-10-25,53.88412
2023-10-26,52.06071
2023-10-27,49.0452
2023-10-28,44.90794
2023-10-29,45.83428
2023-10-30,58.09633
2023-10-31,56.5996
2023-11-01,55.82658
2023-11-02,55.13534
2023-11-03,51.63762
2023-11-04,47.47411
2023-11-05,47.06445
2023-11-06,57.00325
2023-11-07,53.21713
2023-11-08,53.32535
2023-11-09,53.58369
2023-11-10,47.8519
2023-11-11,42.36843
2023-11-12,44.63738
2023-11-13,54.46353
2023-11-14,55.4045
2023-11-15,53.68931
2023-11-16,50.82652
2023-11-17,46.83537
2023-11-18,45.34526
2023-11-19,44.76043
2023-11-20,56.47715
2023-11-21,55.51774
2023-11-22,52.81388
2023-11-23,51.73983
2023-11-24,48.15353
2023-11-25,43.46092
2023-11-26,44.30047
2023-11-27,55.95405
2023-11-28,53.15159
2023-11-29,51.37347
2023-11-30,48.87304
2023-12-01,46.27981
2023-12-02,45.29816
2023-12-03,46.23833
2023-12-04,56.78559
2023-12-05,55.24757
2023-12-06,53.86448
2023-12-07,52.79765
2023-12-08,50.99989
2023-12-09,48.17718
2023-12-10,48.92294
2023-12-11,57.23533
2023-12-12,54.29137
2023-12-13,52.19178
2023-12-14,51.17886
2023-12-15,48.06615
2023-12-16,43.96878
2023-12-17,46.01346
2023-12-18,52.70365
2023-12-19,49.8587
2023-12-20,47.98157
2023-12-21,47.23982
2023-12-22,44.94743
2023-12-23,42.28145
2023-12-24,40.26182
2023-12-25,46.11487
2023-12-26,54.81547
2023-12-27,52.58701
2023-12-28,51.16503
2023-12-29,47.31498
2023-12-30,43.51904
2023-12-31,40.94946
2024-01-01,45.42041
2024-01-02,57.92978
2024-01-03,56.64429
2024-01-04,56.86997
2024-01-05,54.0178
2024-01-06,53.2552
2024-01-07,54.02762
2024-01-08,57.88068
2024-01-09,62.4791
2024-01-10,63.16814
2024-01-11,61.32288
2024-01-12,57.43315
2024-01-13,53.89073
2024-01-14,53.98874
2024-01-15,65.23487
2024-01-16,61.29162
2024-01-17,57.76785
2024-01-18,58.2252
2024-01-19,52.32005
2024-01-20,51.74605
2024-01-21,50.44773
2024-01-22,58.21478
2024-01-23,55.6416
2024-01-24,55.96968
2024-01-25,54.86618
2024-01-26,49.50656
2024-01-27,51.6272
2024-01-28,53.91458
2024-01-29,62.03397
2024-01-30,60.18911
2024-01-31,54.3986
2024-02-01,54.64271
2024-02-02,49.49875
2024-02-03,49.06504
2024-02-04,51.71939
2024-02-05,54.71786
2024-02-06,49.14621
2024-02-07,46.26338
2024-02-08,43.65372
2024-02-09,37.79566
2024-02-10,40.35622
2024-02-11,45.54628
2024-02-12,52.93313
2024-02-13,65.28277
2024-02-14,58.14483
2024-02-15,56.16489
2024-02-16,52.84094
2024-02-17,52.50564
2024-02-18,51.64383
2024-02-19,63.1459
2024-02-20,59.77825
2024-02-21,55.92499
2024-02-22,53.66446
2024-02-23,49.00491
2024-02-24,49.33901
2024-02-25,50.24651
2024-02-26,62.66188
2024-02-27,54.41884
2024-02-28,51.53561
2024-02-29,48.58263
2024-03-01,48.90751
2024-03-02,50.07575
2024-03-03,50.15552
2024-03-04,55.88711
2024-03-05,54.15028
2024-03-06,51.61397
2024-03-07,52.93053
2024-03-08,47.89078
2024-03-09,49.75528
2024-03-10,49.31376
2024-03-11,56.48977
2024-03-12,53.18446
2024-03-13,52.51325
2024-03-14,50.32748
2024-03-15,47.46209
2024-03-16,48.22167
2024-03-17,47.69497
2024-03-18,55.5476
2024-03-19,53.24458
2024-03-20,48.12126
2024-03-21,48.2812
2024-03-22,44.7901
2024-03-23,46.35196
2024-03-24,46.40267
2024-03-25,53.88612
2024-03-26,49.02255
2024-03-27,47.30416
2024-03-28,47.71481
2024-03-29,44.7432
2024-03-30,44.46001
2024-03-31,43.25188
2024-04-01,50.06132
2024-04-02,46.7051
2024-04-03,46.77284
2024-04-04,46.19944
2024-04-05,42.84803
2024-04-06,42.09526
2024-04-07,41.2535
2024-04-08,51.30132
2024-04-09,43.47054
2024-04-10,43.33966
2024-04-11,47.35045
2024-04-12,47.28391
2024-04-13,45.20136
2024-04-14,44.67105
2024-04-15,54.11741
2024-04-16,50.85538
2024-04-17,48.4718
2024-04-18,46.13531
2024-04-19,43.7427
2024-04-20,43.28174
2024-04-21,44.42233
2024-04-22,53.27304
2024-04-23,48.76682
2024-04-24,49.05682
2024-04-25,44.5037
2024-04-26,43.98742
2024-04-27,42.92439
2024-04-28,43.20418
2024-04-29,49.48853
2024-04-30,46.39565
2024-05-01,47.88798
2024-05-02,46.52372
2024-05-03,43.27453
2024-05-04,42.26802
2024-05-05,40.4404
2024-05-06,48.02707
2024-05-07,51.83303
2024-05-08,47.68776
2024-05-09,46.24053
2024-05-10,45.04964
2024-05-11,43.24566
2024-05-12,45.42983
2024-05-13,53.02833
2024-05-14,46.88007
2024-05-15,46.18501
2024-05-16,50.15472
2024-05-17,45.38233
2024-05-18,45.96415
